,id,name,latitude,longitude,primary_category,popularity_rating,verified,tip_count,price_tier,likes,rating,delivery_available,menu_available,specials_count,photos_count,listed,twitter_available,instagram_available,facebook_available,url_available,outdoor seating,wi-fi,reservations,atm,tvs,private room,music,coat check,breakfast,dessert,happy hour,lunch,brunch,dinner,beer,wine,full bar,cocktails,street parking,public lot,live music,jukebox,bar service,bar snacks,tasting menu,valet parking,byo,parking,table service,price
0,49e749fbf964a52086641fe3,The Gage,41.88120182139490,-87.62448118100150,Gastropub,2.0,1,336,3,879,9.0,1,1,0,981,843,1,0,0,1,1,1,0,0,0,0,0,0,0,0,0,1,1,1,1,1,1,1,0,0,0,0,0,0,0,0,0,0,0,3
1,55669b9b498ee34e5249ea61,Cindy's,41.881695385518700,-87.62460021795310,New American Restaurant,23.0,1,137,3,617,9.2,0,1,0,920,1012,1,0,1,1,1,1,1,1,0,0,0,0,0,0,0,1,1,1,1,1,1,1,0,0,0,0,0,0,0,0,0,0,0,3
2,556b5527498e3bb54be5ff78,Cherry Circle Room,41.88199386897250,-87.62504971026540,American Restaurant,,1,42,3,178,8.7,0,1,0,169,240,1,0,1,1,0,1,0,0,0,0,0,0,1,1,1,1,1,1,1,1,1,1,0,0,0,0,0,0,0,0,0,0,0,3
3,53d6f406498e54a8e8dfb7c4,Acanto,41.8814954607666,-87.62449984215200,Italian Restaurant,,0,22,4,76,8.2,1,1,0,90,63,1,0,1,1,1,1,0,0,0,0,0,0,0,0,0,0,1,0,0,1,1,1,0,0,0,0,0,0,0,0,0,0,0,4
4,4ac7958cf964a52036b820e3,Terzo Piano,41.88044303189610,-87.62243135845140,Italian Restaurant,,1,51,3,67,7.9,0,1,0,238,106,1,0,0,1,1,1,0,0,0,0,0,0,0,0,0,1,1,0,0,0,1,1,0,0,0,0,0,0,0,0,0,0,0,3
5,551192b1498e8695352d33e6,Remington's,41.88262817996860,-87.62460789822560,American Restaurant,,1,25,4,89,8.1,0,1,0,88,22,1,0,0,1,1,1,0,0,1,0,0,0,0,0,0,1,1,1,0,0,1,1,0,0,0,0,0,0,0,0,0,0,0,4
6,4aa986ccf964a520115420e3,Italian Village,41.88092612690440,-87.63024961104460,Italian Restaurant,,1,85,3,227,8.1,1,1,0,284,129,1,0,0,1,0,0,1,0,0,0,0,0,0,0,1,1,1,1,0,1,1,1,0,0,0,0,0,0,0,0,0,0,0,3
7,4b87e738f964a5200ad231e3,La Cantina Enoteca,41.880364,-87.630113,Italian Restaurant,,0,3,3,6,7.8,1,1,0,0,1,0,0,0,1,0,0,0,0,0,0,0,0,0,0,0,0,0,0,0,0,0,0,0,0,0,0,0,0,0,0,0,0,0,3
8,4b217e27f964a520be3c24e3,Rosebud Prime,41.881594207058,-87.62952595071420,Steakhouse,,1,40,4,70,7.3,1,1,0,85,27,1,0,0,1,1,0,0,0,0,1,0,0,0,0,1,0,0,0,0,1,1,1,0,0,1,0,0,0,0,0,0,0,0,4
9,40b28c80f964a52035fb1ee3,Vivere,41.88116970242480,-87.63018114921610,Italian Restaurant,,0,18,4,12,7.2,1,1,0,24,8,0,0,0,1,0,0,0,0,0,0,0,0,0,0,0,0,0,1,0,0,0,0,0,0,0,0,0,0,0,0,0,0,0,4
10,57b4829e498e835ea9052845,Danke,41.87940772110160,-87.63050507479740,New American Restaurant,,0,2,3,11,6.8,0,0,0,13,0,1,0,1,1,0,0,0,1,0,0,0,0,0,0,0,0,0,0,1,1,0,0,0,0,0,0,0,0,0,0,0,0,0,3
11,57b47a10498ec361b714dba8,Brown Bag Seafood Co.,41.87948369366400,-87.63060285204470,Seafood Restaurant,,0,6,3,20,6.5,0,0,0,15,3,1,1,1,1,0,0,0,1,0,0,0,0,0,0,0,0,0,1,0,0,0,0,0,0,0,1,0,0,0,0,0,0,0,3
12,57cdd4f1498e735d5bb57d74,Elske,41.88451225684420,-87.66095684439920,New American Restaurant,,0,20,3,24,8.6,0,0,0,79,236,0,0,1,1,0,0,1,0,0,0,0,0,0,0,0,0,0,1,0,1,0,0,0,0,0,0,0,0,0,0,0,0,0,3
13,587049ab4f417a4e33681969,Eden,41.88530693017770,-87.671171341429,New American Restaurant,,0,10,3,39,8.7,0,1,0,39,52,0,0,0,1,0,0,0,0,0,0,0,1,0,0,0,0,0,0,1,1,1,1,0,0,0,0,1,0,0,0,0,0,0,3
14,56258c49498ee48ae176e5db,Swift & Sons,41.886911961957200,-87.65222401149260,Steakhouse,,0,30,3,49,9.0,1,1,0,126,189,1,0,1,1,0,0,0,0,1,1,1,1,0,1,1,0,0,1,1,1,1,1,1,0,0,0,1,1,1,1,0,0,0,3
15,4ff31952e4b0af32b659d571,Two,41.891199018804700,-87.65598134229590,New American Restaurant,,0,46,3,115,8.4,0,1,0,120,141,1,0,1,1,0,0,0,0,0,0,0,0,0,0,0,0,1,1,1,0,1,1,0,0,0,0,0,0,0,0,0,0,0,3
16,4c0bd6246071a593cfcee132,Next,41.88667369925550,-87.65201483879760,Molecular Gastronomy Restaurant,,0,56,4,67,8.6,0,1,0,655,550,1,0,0,1,0,0,1,0,0,0,0,0,0,0,0,0,0,1,0,1,0,1,0,0,0,0,0,0,0,0,0,0,0,4
17,56fc6a13498edeb9c07e3398,Roister,41.886636000000000,-87.65140500000000,New American Restaurant,,1,35,3,66,8.6,0,0,0,224,437,1,1,1,1,0,1,1,0,0,0,0,0,0,0,0,1,1,1,0,0,1,1,0,0,0,0,0,0,0,0,0,0,0,3
18,50e26293e4b0eb1ff764981b,Fulton Market Kitchen,41.88727430446680,-87.65089062144560,Restaurant,,1,21,3,150,8.8,0,1,0,163,167,1,0,1,1,0,0,0,0,0,0,0,0,0,0,0,0,0,1,0,0,1,1,0,0,0,0,0,0,0,0,0,0,0,3
19,4e6f9c8da809952e23f1ac8a,Cold Storage,41.886870203342300,-87.65227829114880,Seafood Restaurant,,0,21,3,51,7.9,0,1,0,90,81,0,0,0,1,0,0,0,0,0,0,0,0,0,0,1,0,0,0,1,0,1,1,0,0,0,0,0,0,0,0,0,0,0,3
20,5844f3c6d0bb3e5513a95002,The Madison Bar & Kitchen,41.881614174030000,-87.65318897462910,New American Restaurant,,1,6,3,45,7.5,0,1,0,68,18,1,0,1,1,1,0,1,0,0,0,0,0,0,1,1,0,0,0,1,1,1,1,0,0,0,0,0,0,0,0,0,0,0,3
21,595668292e26800edb06c257,City Mouse,41.887453212879000,-87.65227827478460,New American Restaurant,,0,7,3,69,7.3,0,1,0,50,59,1,1,1,1,1,1,1,0,0,0,0,0,1,0,1,1,1,1,0,0,0,0,0,0,0,0,0,0,0,0,0,0,0,3
22,4b6cc9e3f964a52081542ce3,Cafe Ciao,41.88178275845740,-87.65083842036390,Italian Restaurant,,1,6,4,7,7.2,0,1,0,10,10,0,0,0,0,1,0,0,0,0,0,0,0,0,0,1,0,0,0,0,1,1,1,0,0,1,0,0,0,0,0,0,0,0,4
23,4a7b9022f964a52069eb1fe3,Mercat a la Planxa,41.873212009842300,-87.62448108575720,Tapas Restaurant,,1,141,3,232,8.1,0,1,0,404,261,1,0,0,1,1,0,0,0,0,0,0,0,1,0,1,1,1,1,1,1,0,0,0,0,0,0,0,0,0,0,0,0,0,3
24,51f468be498e2c7ba8b1a563,Kurah Mediterranean,41.864241517585600,-87.62402061417480,Mediterranean Restaurant,,1,25,3,52,7.5,1,1,0,69,40,1,0,0,1,1,1,0,0,0,1,1,0,0,1,1,0,1,1,1,1,1,1,0,0,0,0,0,0,0,0,0,0,0,3
25,4ac40dfcf964a520069e20e3,Chicago Firehouse Restaurant,41.86415053846480,-87.62395940272330,Steakhouse,,1,38,4,48,7.4,0,1,0,167,52,1,0,0,1,0,1,1,0,0,0,0,0,0,0,0,1,1,1,0,1,0,0,0,0,0,0,0,0,0,0,0,0,0,4
26,56072920498ecac16609cdf6,Sociale,41.8717573,-87.63091300000000,Tapas Restaurant,,0,7,3,18,7.5,1,1,0,92,9,1,0,1,1,1,0,0,0,0,0,0,0,0,0,0,1,1,1,0,0,1,0,0,0,0,0,0,0,0,0,0,0,0,3
27,4edfec742c5bb0e03e446a40,Acadia,41.85903,-87.62540900000000,New American Restaurant,,1,53,4,113,8.2,0,1,0,216,407,1,0,1,1,0,0,0,0,0,0,0,1,0,0,0,0,0,1,1,1,1,1,1,0,0,0,0,0,0,0,0,0,0,4
28,4de69b012271d1d113e3d3eb,Bodega N. 5 (at Mercat a la Planxa),41.87320906958130,-87.62448600118280,Spanish Restaurant,,0,9,4,10,7.6,0,1,0,18,16,1,0,0,1,0,0,0,0,0,0,0,0,0,0,0,0,0,0,0,0,0,0,0,0,0,0,0,0,0,0,0,0,0,4
29,5043ce54e4b08d5b62f9ceec,Original Triple Crown,41.8521532095254,-87.63259888130590,Chinese Restaurant,,0,5,4,12,6.7,1,1,0,17,6,0,0,0,0,0,0,0,0,0,0,0,0,0,0,0,0,0,0,0,0,0,0,0,0,0,0,0,0,0,0,0,0,0,4
30,54a0b7eb498e19813223d06f,Chicago Oyster House,41.855594916744100,-87.6222319953545,Seafood Restaurant,,1,3,3,21,7.4,1,0,0,25,13,0,0,0,1,0,0,0,0,0,0,0,0,0,0,0,0,0,0,0,0,0,0,0,0,0,0,0,0,0,0,0,0,0,3
31,4e18817cc65b6bfb590f3260,Pacific Shrimp Co,41.848306,-87.638724,Seafood Restaurant,,0,0,3,0,,0,0,0,0,0,0,0,0,0,0,0,0,0,0,0,0,0,0,0,0,0,0,0,0,0,0,0,0,0,0,0,0,0,0,0,0,0,0,3
32,5797f54a498ebad131ac5ba0,Coda Di Volpe,41.94261460311700,-87.66385832224210,Italian Restaurant,,0,16,4,65,8.9,0,1,0,84,55,0,0,0,1,0,1,0,0,0,0,0,0,0,0,0,1,1,1,0,0,0,0,0,0,0,0,0,0,0,0,0,0,0,4
33,57e575a7498edc223c6efabd,Tuco & Blondie,41.94337681171730,-87.66414631786570,Mexican Restaurant,,0,18,3,57,8.0,1,1,0,66,43,1,1,1,1,1,1,0,0,0,0,0,0,1,0,0,1,1,1,0,0,0,0,0,0,0,0,0,0,0,0,0,0,0,3
34,4b78c82af964a52024e22ee3,Yoshi's Cafe,41.94169355603550,-87.64924182512210,Japanese Restaurant,,0,30,3,58,8.9,0,1,0,130,70,0,0,0,1,1,0,1,0,0,0,0,0,0,0,0,0,1,1,0,1,0,0,0,0,0,0,0,0,0,0,0,0,0,3
35,4b943d7af964a520977034e3,Cafe El Tapatio,41.943455,-87.669011,Mexican Restaurant,,0,62,3,131,9.0,1,1,0,152,58,0,0,0,1,1,0,0,0,0,0,0,0,0,0,0,1,0,1,0,0,1,1,0,0,0,0,0,0,0,0,0,0,0,3
36,4faef5e1e4b0e047b237877c,Wood,41.9427740506565,-87.64929405097920,New American Restaurant,,0,52,3,156,8.4,1,1,0,276,134,1,0,0,1,1,1,0,0,0,0,0,0,0,0,0,1,1,1,1,1,1,1,0,0,0,0,0,0,0,0,0,0,0,3
37,55540bbb498e9d3e29cbf76e,Barcocina,41.9346509985954,-87.65377528939810,Tapas Restaurant,,0,27,3,116,7.8,0,1,0,84,70,1,0,0,1,1,1,0,0,0,0,0,0,0,0,1,1,1,1,0,0,1,1,0,0,0,0,0,0,0,0,0,0,0,3
38,5a8eea193731ee7c89433907,Tied House,41.93964591198760,-87.66367265111870,New American Restaurant,,0,3,3,12,6.6,1,0,0,31,46,1,0,0,0,1,0,1,0,0,0,0,0,0,0,0,0,0,0,0,0,0,0,0,0,0,0,0,0,0,0,0,0,0,3
39,60d131b836c80152fab43473,Pescadero Seafood & Oyster Bar,41.939921000000000,-87.661214,Seafood Restaurant,,0,0,3,0,,0,0,0,0,0,0,0,0,0,0,0,0,0,0,0,0,0,0,0,0,0,0,0,0,0,0,0,0,0,0,0,0,0,0,0,0,0,0,3
40,5ba70492d3cce8002cfcf175,Seafood On The Tables,41.935883000000000,-87.662899,Seafood Restaurant,,0,2,3,1,,0,0,0,6,3,0,0,0,1,0,0,0,0,0,0,0,0,0,0,0,0,0,0,0,0,0,0,0,0,0,0,0,0,0,0,0,0,0,3
41,51f6821e498eb0e342bbf904,Tanta Chicago,41.89165171758400,-87.63202122555800,Peruvian Restaurant,21.0,1,106,3,127,8.9,0,1,0,382,439,1,0,0,1,1,1,0,0,0,0,0,0,0,0,1,1,1,1,0,0,1,1,0,0,0,0,0,0,0,0,0,0,0,3
42,4d87638bf9f3a1cd1abbf164,GT Fish and Oyster,41.891671,-87.633936,Seafood Restaurant,,0,195,3,413,8.9,1,1,0,600,662,1,0,0,1,0,0,0,0,0,0,0,0,0,0,1,1,1,1,1,1,0,1,0,0,0,0,0,0,0,0,0,0,0,3
43,4ae3b1edf964a5203c9821e3,Gene & Georgetti,41.89080534870220,-87.63564116947800,Steakhouse,,0,64,4,172,8.9,1,1,0,181,240,0,0,0,1,0,0,0,0,0,0,0,0,0,0,0,1,1,1,0,1,1,1,0,0,0,0,0,0,0,0,0,0,0,4
44,4b32ad2cf964a520a11125e3,Sunda,41.89084019877150,-87.631602633847,Sushi Restaurant,,1,286,3,717,9.0,1,1,0,748,787,1,0,0,1,1,1,0,0,0,0,0,0,0,0,0,1,1,1,1,1,1,1,0,0,0,0,0,0,0,0,0,0,0,3
45,51b0b828498ecb8d51e396ea,Beatrix,41.89148026650750,-87.63087360767100,New American Restaurant,16.0,0,233,3,830,9.0,1,1,0,585,721,1,0,1,1,1,1,0,0,0,0,0,0,1,0,1,1,1,1,1,1,1,1,0,0,0,0,0,0,0,0,0,0,0,3
46,4a7a32baf964a520d3e81fe3,Fogo de Chão,41.89412480000000,-87.6323245,Brazilian Restaurant,,1,133,4,434,8.5,0,1,0,434,141,1,0,1,1,1,1,1,0,0,0,0,0,0,0,0,1,1,1,1,1,1,1,0,0,0,0,0,0,0,0,0,0,0,4
47,4dac89634b22f071eae51772,Roka Akor,41.89068897186900,-87.63133648050570,Japanese Restaurant,,1,91,4,234,8.9,0,1,0,475,243,1,0,1,1,1,0,0,0,0,0,0,0,0,0,1,0,0,1,1,1,1,1,0,0,0,0,0,0,0,0,0,0,0,4
48,577563d5498e8d2eb29bd25d,Ema,41.89091768250550,-87.63095663368310,Mediterranean Restaurant,19.0,0,34,4,54,8.9,1,1,0,130,184,0,0,1,1,1,0,0,0,0,0,0,0,0,0,1,1,0,1,0,1,1,1,0,0,0,0,0,0,0,0,0,0,0,4
49,40b28c80f964a520aafb1ee3,Frontera Grill,41.890550246513300,-87.63110093742780,Mexican Restaurant,24.0,0,256,3,484,9.0,1,1,0,652,996,1,0,1,1,1,0,1,0,0,0,0,0,0,0,1,1,1,1,1,1,1,1,0,0,0,0,0,0,0,0,0,0,0,3
50,4b833956f964a52026fe30e3,Prosecco,41.895139947041700,-87.63411324694080,Italian Restaurant,,1,30,4,47,8.5,1,1,0,81,54,0,0,0,1,1,0,0,0,0,0,0,0,0,0,0,0,0,1,0,1,0,1,0,0,0,0,0,0,0,0,0,0,0,4
51,500efc40e4b0e6ec47971a9e,Bavette's Bar and Boeuf,41.88910872387,-87.63493174422110,Steakhouse,25.0,0,126,3,420,9.2,0,0,0,443,755,0,0,0,1,0,0,0,0,0,0,0,0,0,0,1,0,0,1,1,1,1,1,0,0,0,0,0,0,0,0,0,0,0,3
52,4c7c25322d3ba143df1b96d0,Mastro's Steakhouse,41.89142008672510,-87.62995719909670,Steakhouse,18.0,1,124,4,284,9.0,1,1,0,369,192,1,0,1,1,0,1,0,0,0,0,0,0,0,0,1,0,1,1,0,1,1,1,0,0,1,0,0,0,0,0,1,0,0,4
53,55d26663498e2ad73176f49e,Bernie's Lunch & Supper,41.89398795111500,-87.63715153052570,New American Restaurant,,0,20,3,97,8.3,0,1,0,81,124,0,0,0,1,1,0,0,0,0,0,0,0,0,0,0,1,1,1,0,0,1,1,0,0,0,0,0,0,0,0,0,0,0,3
54,57cca720cd1043c5b8974427,GT Prime,41.895062085906400,-87.63409520099640,Steakhouse,,0,13,4,52,8.2,0,1,0,57,52,1,0,0,1,0,0,0,0,0,0,0,0,0,0,0,0,0,1,0,0,1,1,0,0,0,0,0,0,0,0,0,0,0,4
55,4c67261b9cedd13af4db77a1,Topolobampo,41.89056177823700,-87.63110217892630,Mexican Restaurant,,0,26,3,88,8.4,0,1,0,84,248,1,0,1,1,0,0,0,0,0,0,0,0,0,0,0,0,1,0,0,0,0,1,0,0,0,0,0,0,0,0,0,0,0,3
56,4a32de31f964a520aa9a1fe3,India House Restaurant,41.891399,-87.630383,Indian Restaurant,,1,92,3,187,8.4,1,1,0,135,124,1,0,1,1,0,0,0,0,0,0,0,0,0,1,0,1,1,1,1,1,1,1,0,0,0,0,0,0,0,0,0,0,0,3
57,4f1322f3e4b0725fed919ce7,RPM Italian,41.89081532118320,-87.62975543356110,Italian Restaurant,22.0,1,234,3,699,9.1,1,1,0,1030,746,1,0,1,1,0,1,0,0,0,0,0,0,0,1,0,0,0,1,1,1,1,1,0,0,0,0,0,0,0,0,0,0,0,3
58,4b2ec98ff964a520ace624e3,Coco Pazzo,41.89009426571070,-87.6356067879598,Italian Restaurant,,0,20,4,75,8.0,1,1,0,78,44,1,0,0,1,1,0,0,0,0,0,0,0,0,0,0,0,0,0,0,1,1,1,0,0,0,0,0,0,0,0,0,0,0,4
59,53628259498e193fbfdc62c7,RPM Steak,41.88926929307170,-87.63058067359850,Steakhouse,,1,75,4,253,8.8,1,1,0,286,178,1,0,0,1,1,1,0,0,0,0,0,0,0,1,0,1,0,1,1,1,1,1,0,0,0,0,0,0,0,0,0,0,0,4
60,582dcab7a8b55d58005657c3,True Food Kitchen,41.89390588921140,-87.62856245040890,New American Restaurant,,1,35,3,115,9.0,0,0,0,103,132,1,0,1,1,1,0,0,1,0,0,0,1,0,0,0,1,1,1,0,1,0,0,1,0,0,1,0,0,0,0,0,0,0,3
61,49cd0720f964a520aa591fe3,HUB 51,41.88993046415250,-87.62986126173660,New American Restaurant,,1,252,3,571,8.5,1,1,0,637,462,1,1,1,1,1,1,0,1,0,0,1,0,0,1,1,1,1,1,1,1,1,1,0,0,0,0,0,0,0,0,0,0,0,3
62,50f58653e4b0e1058164dc7e,Siena Tavern,41.88888086,-87.63027173,Italian Restaurant,7.0,1,187,3,229,8.9,1,1,0,515,492,1,1,1,1,1,1,0,0,0,0,0,0,0,0,1,1,1,1,1,1,1,1,0,0,0,0,0,0,0,0,0,0,0,3
63,4c924f7f238c6dcb6467c755,Chicago Cut Steakhouse,41.88797208145700,-87.63290941161580,Steakhouse,,0,144,4,301,8.7,0,1,0,404,265,1,0,0,1,1,1,0,0,0,0,0,0,0,0,1,1,1,1,0,1,1,0,0,0,1,0,0,0,0,0,0,0,0,4
64,4b833013f964a5207afc30e3,Kinzie Chophouse,41.88929,-87.634282,Steakhouse,,1,55,3,96,7.7,1,1,0,130,58,1,0,1,1,1,1,0,0,0,0,0,0,0,1,0,1,1,1,0,1,1,1,0,0,0,0,0,0,0,0,0,0,0,3
65,56a947d3498e3983fb4d8791,Il Porcellino,41.8899803381675,-87.63038936429120,Italian Restaurant,,1,20,4,20,7.9,1,1,0,111,43,1,0,1,1,0,1,0,0,0,0,0,0,0,1,1,0,0,1,1,1,1,1,0,0,0,0,0,0,0,0,0,0,0,4
66,4d2ead246fc6f04d25848345,Hubbard Inn,41.890000432585000,-87.6315806870109,American Restaurant,,1,94,3,95,7.6,0,1,0,356,219,1,0,0,1,1,0,0,0,0,0,0,0,0,0,0,1,0,1,1,1,1,0,0,0,0,0,0,0,0,0,0,0,0,3
67,5441bc8b498e70910fa11726,The Kitchen,41.8879014,-87.6313118,American Restaurant,,0,21,4,122,8.6,0,1,0,147,114,1,0,1,1,0,0,0,0,0,0,0,0,0,0,0,0,0,0,0,1,1,1,0,0,0,0,0,0,0,0,0,0,0,4
68,4a737056f964a52070dc1fe3,ZED451,41.896023,-87.630916,Steakhouse,,1,108,4,264,8.1,0,0,0,389,237,1,0,1,1,1,0,0,0,0,0,0,0,0,0,0,0,0,0,1,1,1,1,0,0,0,0,0,0,0,0,0,0,0,4
69,5e14e8f1a10b9200083472de,RPM Seafood,41.88826128086950,-87.63081550598150,Seafood Restaurant,,0,6,4,9,8.3,1,1,0,46,12,0,0,0,0,0,0,0,0,0,0,0,0,0,0,0,0,0,1,0,0,0,0,0,0,0,0,0,0,0,0,0,0,0,4
70,4b53b49cf964a5208ca827e3,Ruth's Chris Steak House,41.8901981146158,-87.62942612171170,Steakhouse,,1,51,4,105,7.9,0,1,0,178,45,1,0,1,1,0,0,0,0,0,0,0,0,0,0,1,0,0,1,0,1,1,1,0,0,0,0,0,0,0,0,0,0,0,4
71,41fd7500f964a520501f1fe3,Harry Caray's Italian Steakhouse,41.889071055749500,-87.6294590845703,Steakhouse,,1,103,4,238,8.2,1,1,0,484,97,1,0,0,1,0,0,0,0,0,0,0,0,1,0,0,1,1,1,1,1,1,1,0,0,0,0,0,0,0,0,0,0,0,4
72,53bdc413498e161627668129,River Roast,41.88722166383860,-87.63208666502990,Restaurant,,1,53,4,208,8.7,1,1,0,221,142,0,0,1,1,1,1,0,0,0,0,0,0,0,1,1,1,1,1,1,1,1,1,0,0,1,0,0,0,0,0,0,0,0,4
73,4e5e2fd5922ec2c0701c4218,Cantina Laredo,41.891137260466900,-87.62804501770830,Mexican Restaurant,,1,133,3,384,8.0,0,1,0,556,188,1,0,1,1,1,1,0,0,0,0,0,0,0,0,1,0,1,1,0,1,1,1,0,0,0,0,0,0,0,0,0,0,0,3
74,59906d516bd36b43bfb267d3,Portsmith,41.89419921974200,-87.62815275787420,Seafood Restaurant,,0,3,3,14,7.4,1,1,0,15,23,0,0,0,1,0,0,0,1,0,0,0,0,0,0,0,0,0,0,0,0,0,0,0,0,0,1,0,0,0,0,0,1,0,3
75,4a95690cf964a5201c2320e3,Fleming's Prime Steakhouse & Wine Bar,41.892239978753200,-87.62712604370040,Steakhouse,,1,46,3,88,7.0,0,1,0,128,28,0,0,1,1,0,0,0,0,0,0,0,0,0,0,1,0,0,1,1,1,1,1,0,0,0,0,0,0,0,0,0,0,0,3
76,56cf9a91498e63498992d215,Imperial Lamian,41.89017,-87.62815,Dumpling Restaurant,,0,42,3,81,6.3,0,0,0,143,110,0,0,0,1,0,0,0,0,0,0,0,0,0,0,0,0,1,0,0,0,1,1,0,0,0,0,0,0,0,0,0,0,0,3
77,49ebe3cbf964a5203f671fe3,The Bristol,41.921222830216200,-87.67775783701440,New American Restaurant,,0,101,3,81,8.3,1,1,0,199,433,1,0,0,1,0,0,0,0,0,0,0,0,0,0,0,1,1,1,1,1,1,1,0,0,0,0,0,0,0,0,0,0,0,3
78,4b3bfe1af964a520f57f25e3,Le Bouchon,41.9176517871679,-87.6775856419284,French Restaurant,,1,27,3,71,8.8,0,1,0,72,104,0,0,0,1,0,0,0,0,0,0,0,0,0,0,0,1,0,1,0,1,0,0,0,0,0,0,0,0,0,0,0,0,0,3
79,56b2b238498ec9031ecf5c13,Asian Cajun,41.926061040342100,-87.66843413980500,Seafood Restaurant,,0,3,3,17,8.5,1,1,0,10,10,0,0,0,1,0,1,1,0,0,0,0,0,0,0,0,0,0,0,0,0,0,0,0,0,0,0,0,0,0,0,0,0,0,3
80,5a03adb3b399f751314fa8c8,Café Robey,41.91056703001090,-87.67799172659350,French Restaurant,,0,4,3,31,9.1,0,0,0,40,30,0,0,0,0,0,0,0,0,0,0,0,0,0,0,0,1,1,0,0,0,0,0,0,0,0,0,0,0,0,0,0,0,0,3
81,5483b98e498ed2ba51fe0caa,Izakaya Mita,41.917630000000000,-87.67792,Japanese Restaurant,,0,16,4,48,7.3,0,1,0,25,39,1,0,0,1,0,0,0,0,0,0,0,0,0,0,1,0,0,0,0,0,1,1,0,0,0,0,0,0,0,0,0,0,0,4
82,5d670d124f6b66000873599c,Soul Crab,41.915904,-87.68762,Seafood Restaurant,,0,2,3,1,,0,0,0,4,0,0,0,0,0,0,0,0,0,0,0,0,0,0,0,0,0,0,0,0,0,0,0,0,0,0,0,0,0,0,0,0,0,0,3
83,54296aa7498e36575ee9a8b6,Momotaro,41.8856673631326,-87.64860372619370,Japanese Restaurant,,0,91,4,127,9.1,1,1,0,333,553,1,1,1,1,0,0,0,0,0,0,0,0,0,0,0,1,0,1,0,0,1,1,0,0,0,0,0,0,0,0,0,0,0,4
84,5b1854154a7aae002cbe8e62,Aba,41.886852162003100,-87.64888478200850,Mediterranean Restaurant,11.0,0,17,4,42,9.4,1,1,0,179,350,0,0,0,1,1,0,1,0,0,0,0,0,0,0,0,1,1,1,0,0,0,0,0,0,0,0,0,0,0,0,0,0,0,4
85,4cc5b207c844721eb395f001,Maude's Liquor Bar,41.884465069793,-87.6489183730517,French Restaurant,,0,107,3,307,9.0,0,1,0,306,766,1,1,1,1,1,0,0,0,0,0,0,0,0,0,0,0,0,1,0,1,1,1,0,0,1,0,0,0,0,0,0,0,0,3
86,4a08f159f964a52028741fe3,The Publican,41.886719047714100,-87.64883047492410,New American Restaurant,,0,354,3,911,9.0,0,1,0,1347,1907,1,0,1,1,1,0,0,0,0,0,0,0,1,0,0,1,1,1,1,1,0,1,0,0,0,0,0,0,0,0,0,0,0,3
87,59278d15da2e0026b1e8a065,Beatrix,41.886832752730700,-87.64895495261540,New American Restaurant,13.0,0,11,3,109,8.9,1,1,0,98,58,1,0,1,1,0,0,0,0,0,0,0,0,0,0,0,1,1,1,0,0,0,0,0,0,0,0,0,0,0,0,0,0,0,3
88,55b42cdb498e6093d451d365,Bar Siena,41.884690500000000,-87.64882740000000,Italian Restaurant,,1,45,4,270,8.7,1,1,0,263,128,1,0,1,1,0,1,0,0,1,0,0,0,0,0,1,1,1,1,1,1,1,1,0,0,0,0,0,0,0,0,0,0,0,4
89,548f607b498e7c9be549f4cb,The Izakaya,41.885832716333600,-87.64857404188220,Japanese Restaurant,,0,8,4,38,8.3,0,1,0,60,29,1,0,1,1,0,0,0,0,0,0,0,0,0,0,0,0,0,1,0,0,0,0,0,0,0,0,0,0,0,0,0,0,0,4
90,5d027eefad5f630050add575,Boqueria,41.886675212267000,-87.6478796011516,Tapas Restaurant,,0,4,3,11,8.3,1,0,0,27,20,0,0,1,1,0,0,0,0,0,0,0,0,0,0,0,1,1,1,0,1,0,0,0,0,0,0,0,0,0,0,0,0,0,3
91,4a53bc01f964a520abb21fe3,Carnivale,41.886909203428600,-87.64619594627350,Latin American Restaurant,,1,142,3,153,8.6,0,1,0,687,223,1,0,1,1,1,0,0,0,0,0,0,0,0,0,1,0,1,1,1,1,1,1,0,0,1,0,0,0,0,0,0,0,0,3
92,5e2fc6820af4890008de55a4,Recess,41.88943536854160,-87.64947295188900,Restaurant,,0,3,3,10,8.3,1,1,0,30,11,0,0,0,0,1,0,0,0,0,0,0,0,0,0,0,1,1,1,0,0,0,0,0,0,0,0,0,0,0,0,0,0,0,3
93,4197f180f964a520181e1fe3,Avec,41.884503700962000,-87.64346655892970,New American Restaurant,15.0,0,207,3,543,9.2,1,1,0,731,1450,0,0,1,1,1,1,0,0,0,0,0,0,0,0,0,1,1,1,1,1,1,1,0,0,0,0,0,0,0,0,0,0,0,3
94,4a94b02df964a520532220e3,Piccolo Sogno,41.89085242143620,-87.6476981650622,Italian Restaurant,,1,111,3,342,9.3,1,1,0,278,637,1,0,1,1,1,0,0,0,0,0,0,0,0,0,0,0,0,1,0,1,1,1,0,0,0,0,0,0,0,0,0,0,0,3
95,56f091c8498e0070cb34e43a,St Lou's Assembly,41.885984190791600,-87.64563890693020,New American Restaurant,,0,15,3,76,7.9,1,0,0,72,90,0,0,0,1,1,0,0,0,0,0,0,0,0,0,1,0,1,1,0,0,0,1,0,0,0,0,0,0,0,0,0,0,0,3
96,577ea4a0498ea60dacc357d8,El Che Bar,41.883127689321800,-87.64905835481480,Restaurant,,0,9,4,52,7.4,0,1,0,32,79,1,0,1,1,0,0,0,0,0,0,0,0,0,0,0,0,0,1,0,1,1,1,0,0,0,0,0,0,0,0,0,0,0,4
97,526728db11d293604832307d,The Dawson,41.89113194583440,-87.64741092705730,New American Restaurant,,0,97,3,350,8.6,1,1,0,351,333,0,0,0,1,1,1,0,0,0,0,0,0,0,0,0,1,0,1,1,1,1,1,0,0,0,0,0,0,0,0,0,0,0,3
98,52f2d55411d24f3791a9943b,Tanoshii,41.88458314541100,-87.6465766326417,Sushi Restaurant,,1,19,3,24,7.5,0,1,0,32,37,1,0,0,1,0,0,0,0,0,0,0,0,0,0,0,1,0,1,0,0,0,0,0,0,0,0,0,0,0,0,0,0,0,3
99,593f22ccfe37404c1ad6f0ad,Proxi,41.884359904500600,-87.64254935236140,New American Restaurant,,0,22,3,40,8.7,0,0,0,62,187,0,1,1,1,0,0,0,0,0,0,0,0,0,0,0,0,0,1,0,1,0,0,0,0,0,0,0,0,0,0,0,0,0,3
100,49dcd38ff964a520a95f1fe3,Sepia,41.883969387636000,-87.64266632976730,New American Restaurant,,0,63,4,101,8.3,0,1,0,162,454,1,1,1,1,0,0,0,0,0,0,0,1,0,1,1,1,0,1,1,1,1,1,1,0,0,0,0,0,0,1,0,0,1,4
101,59f24ee8178a2a3eed77233b,Bellemore,41.88443233863240,-87.6425711948749,New American Restaurant,,0,10,3,45,7.6,1,1,0,50,84,0,0,0,1,0,0,0,0,0,0,0,0,1,0,0,0,0,1,0,0,0,0,0,0,0,0,0,0,0,0,0,0,0,3
102,4bd3825f046076b09b4c7671,Santorini,41.87928858215840,-87.64735055201290,Greek Restaurant,,0,31,4,62,7.0,0,1,0,64,28,0,0,0,1,0,0,0,0,0,0,0,0,0,0,0,1,0,1,0,0,0,1,0,0,0,0,0,0,0,0,0,0,0,4
103,4c1a50a0b9f876b0ea6f7846,MetroKlub (Kosher),41.88123889859730,-87.64707507703240,American Restaurant,,1,3,3,2,,0,1,0,1,4,0,0,0,1,0,0,0,0,0,0,0,0,0,0,0,0,0,0,0,0,0,0,0,0,0,0,0,0,0,0,0,0,0,3
104,5766bff3498ebe1c9b367c47,The Oyster Bar at Mariano's,41.880558013916000,-87.64745330810550,Seafood Restaurant,,0,0,3,1,,0,0,0,0,1,0,0,0,0,0,0,0,0,0,0,0,0,0,0,0,0,0,0,0,0,0,0,0,0,0,0,0,0,0,0,0,0,0,3
105,4f9c9968e4b0e9595b3cfaff,Chez Moi,41.920101963374900,-87.6486748096262,French Restaurant,,1,27,3,62,8.4,0,1,0,86,65,1,0,1,1,1,1,0,0,0,0,0,0,0,0,0,1,1,1,0,0,1,1,0,0,1,0,0,0,0,0,0,0,0,3
106,4a74ca32f964a5209bdf1fe3,Sapori Trattoria,41.931555673532100,-87.6488073018168,Italian Restaurant,,1,88,3,60,8.7,1,1,0,167,130,1,0,0,1,1,0,0,0,0,0,0,0,0,0,0,0,0,1,0,1,1,1,0,0,1,0,0,0,0,0,0,0,0,3
107,4adcf41bf964a520d96221e3,Tarascas International,41.930014716359200,-87.64323512364140,Mexican Restaurant,,0,38,3,68,7.9,1,0,0,80,19,0,0,0,1,1,0,1,0,0,0,1,0,0,0,0,0,1,1,0,0,1,1,0,0,0,0,0,0,0,0,0,0,0,3
108,5668d4fb498eede0b65b1841,Quality Crab & Oyster Bah,41.917911503744500,-87.64855368742120,Seafood Restaurant,,0,29,4,35,8.5,1,1,0,85,90,0,0,0,1,0,0,0,0,0,0,0,0,0,0,0,0,1,1,0,0,1,1,0,0,0,0,0,0,0,0,0,0,0,4
109,5952e3120336937901437793,Blue Door Farm Stand,41.91845335069250,-87.64854487473370,New American Restaurant,,0,7,3,30,7.6,1,0,0,30,36,1,1,1,1,0,0,0,0,0,0,0,0,0,0,0,1,1,1,0,0,0,0,0,0,0,0,0,0,0,0,0,0,0,3
110,5832529f9900e64a56be3eca,Kie-Gol-Lanee,41.97359455060920,-87.6549701507825,Mexican Restaurant,,0,1,3,7,8.3,1,0,0,20,16,0,0,0,1,0,0,1,0,0,0,0,0,0,0,0,1,1,1,0,0,0,0,0,0,0,0,0,0,0,0,0,0,0,3
111,49f0c67ff964a52056691fe3,Anna Maria Pasteria,41.96167907317610,-87.66618701619930,Italian Restaurant,,0,10,3,8,5.6,1,1,0,13,6,0,0,0,1,0,0,0,0,0,0,0,0,0,0,0,0,0,0,0,0,0,0,0,0,0,0,0,0,0,0,0,0,0,3
112,4a1dd042f964a520997b1fe3,Wakamono,41.94244775650500,-87.64450447304810,Sushi Restaurant,,0,54,3,68,8.2,0,1,0,94,48,0,0,0,1,1,0,0,0,0,0,0,0,0,0,0,0,0,1,0,1,1,1,0,0,0,0,0,0,0,0,1,0,0,3
113,50ff4074e4b0a270f9b44316,Milt's Barbecue for the Perplexed,41.9437047473274,-87.64499751312440,BBQ Joint,,1,19,3,48,6.8,0,1,0,49,56,1,0,0,1,0,0,0,0,0,0,0,0,0,0,0,1,1,1,0,0,0,0,0,0,0,0,0,0,0,0,0,0,0,3
114,5932195afdb9a77bd8a3b372,Daisies,41.927223093556700,-87.70418640280160,New American Restaurant,,0,12,3,48,8.8,1,0,0,35,113,1,1,0,1,1,0,0,0,0,0,0,0,0,1,0,1,1,1,0,1,0,1,0,0,0,0,0,0,0,0,0,0,0,3
115,5f6cd1de4cff341d5040aa3f,Gretel,41.91748,-87.698216,New American Restaurant,,0,3,3,6,7.9,1,0,0,10,12,0,0,0,0,0,0,0,0,0,0,0,0,0,0,0,1,1,1,0,0,0,0,0,0,0,0,0,0,0,0,0,0,0,3
116,4a6de13ef964a5203ad31fe3,Tango Sur,41.95078161592030,-87.66414579060840,Argentinian Restaurant,,0,126,3,116,8.9,0,1,0,256,270,0,0,0,1,1,0,1,0,0,0,0,0,0,0,1,0,1,1,0,1,0,0,0,0,0,0,0,0,0,0,1,0,0,3
117,56a42f6a498e42e6074b741a,Grassroots,41.95035336958250,-87.66402961445870,New American Restaurant,,0,8,3,19,7.2,0,0,0,22,3,0,0,0,0,1,0,0,0,0,0,0,0,0,0,0,0,0,0,0,0,1,1,0,0,0,0,0,0,0,0,0,0,0,3
118,40b28c80f964a520ddfb1ee3,The Capital Grille,41.89339604134830,-87.62251092152570,American Restaurant,,1,60,3,156,8.7,0,1,0,197,96,1,0,1,1,0,1,0,0,0,0,0,0,0,0,0,1,0,1,0,1,1,1,0,0,0,0,0,0,0,0,0,0,0,3
119,56290b27498e2c6aacd233fe,Beatrix,41.89442501737260,-87.62253763566620,New American Restaurant,1.0,0,59,4,111,9.0,1,1,0,200,329,1,0,0,1,1,1,0,0,0,0,0,0,1,0,1,1,1,0,0,1,1,1,0,0,0,0,0,0,0,0,0,0,0,4
120,4abc187ff964a520588620e3,Volare Ristorante Italiano,41.89172060243640,-87.62259046540210,Italian Restaurant,,0,127,3,233,8.5,1,1,0,299,137,1,0,1,1,1,0,1,0,0,0,0,0,0,0,0,0,0,1,1,1,1,1,0,0,0,0,0,0,0,0,0,0,0,3
121,429e4c00f964a520b7241fe3,Bandera Restaurant,41.89206746072280,-87.62404443710990,New American Restaurant,,1,211,3,373,8.7,0,1,0,404,276,0,0,0,1,0,0,1,0,0,0,0,0,0,0,1,1,1,1,1,1,1,1,0,0,1,0,0,0,0,0,0,0,0,3
122,5723af9b498ed2977266a012,Copper Fox Gastropub,41.8932383,-87.62312990000000,Gastropub,,1,11,3,45,8.1,1,1,0,63,10,0,0,1,1,1,0,0,0,0,0,0,0,0,0,1,0,0,0,0,0,1,1,0,0,0,0,1,0,0,0,0,0,0,3
123,4a2ae23af964a52064961fe3,"Joe's Seafood, Prime Steak & Stone Crab",41.89182793479940,-87.62544444279390,Seafood Restaurant,6.0,1,218,3,282,9.4,1,1,0,906,696,1,1,1,1,0,1,0,0,0,0,0,1,0,1,1,1,0,1,1,1,1,1,0,0,0,0,0,0,0,1,0,0,0,3
124,53164839498e6fdf28f9e12e,Eddie V's Prime Seafood,41.89174036111380,-87.62516697056190,Seafood Restaurant,,1,17,3,67,8.5,0,1,0,96,28,1,0,1,1,0,1,0,0,0,0,0,0,0,0,1,1,1,1,0,1,1,1,0,0,1,0,0,0,0,0,0,0,0,3
125,5aab0370d1a40279ad099659,Carsons Steak And Ribs,41.891248564611900,-87.61527667996020,Steakhouse,,0,6,4,14,8.3,1,0,0,30,10,0,0,0,0,0,0,0,0,0,0,0,0,0,0,0,0,0,1,0,0,0,0,0,0,0,0,0,0,0,0,0,0,0,4
126,4e4d56e822717c65aca7fab1,Michael Jordan's Steak House Chicago,41.8911369844041,-87.62415328505520,Steakhouse,,1,144,4,396,8.1,1,1,0,752,182,1,0,0,1,1,1,0,0,0,0,0,0,0,0,1,1,1,1,1,0,1,1,0,0,0,0,0,0,0,0,0,0,0,4
127,5303ead711d21c9427b55466,Side Door,41.8933980217555,-87.62523521528010,Gastropub,,0,31,3,72,8.4,0,0,0,116,56,0,0,0,1,0,0,1,0,0,0,0,0,0,0,1,0,0,0,1,0,1,1,0,0,0,0,0,0,0,0,0,0,0,3
128,522fdf320493d5258ca1f8b0,Shake Shack,41.892561204664800,-87.6256458005343,Burger Joint,,1,131,3,746,8.5,1,0,0,561,161,1,0,1,1,1,1,0,0,0,0,0,0,0,0,0,1,0,1,1,0,0,0,0,0,0,0,0,0,0,0,0,0,0,3
129,57460d71cd1084eabbdb5785,Osteria Di Eataly,41.89232769658550,-87.62632460366400,Italian Restaurant,,0,4,3,21,8.6,0,1,0,28,13,0,0,0,0,0,0,0,0,0,0,0,0,0,0,0,1,1,1,0,0,0,0,0,0,0,0,0,0,0,0,0,0,0,3
130,4c45fae2f9652d7f38bd132b,The Lobby at The Peninsula,41.89614806541520,-87.62441110114810,American Restaurant,,1,27,3,59,8.7,0,1,0,197,107,1,0,0,1,0,1,1,0,0,0,0,0,0,1,0,0,0,0,0,0,1,1,0,0,1,0,0,0,0,0,0,0,0,3
131,5952c0f59de23b74a3c5a198,Steak 48,41.89305998866390,-87.62672664913280,Steakhouse,14.0,1,34,3,69,8.9,0,1,0,73,45,1,0,1,1,0,0,0,0,0,0,0,0,0,0,0,0,0,1,0,1,0,0,0,0,0,0,0,0,0,0,0,0,0,3
132,543d94fe498e006132008592,Lao Sze Chuan Restaurant - Downtown/Michigan Ave,41.89159958598320,-87.62433150719710,Chinese Restaurant,,1,29,3,75,7.7,1,1,0,122,25,1,0,0,1,0,0,0,0,0,0,0,0,0,0,1,1,0,1,0,0,1,1,0,0,0,0,0,0,0,0,0,0,0,3
133,52ae4af911d2ab1eb0e54c06,Il Pesce at Eataly,41.89220575177400,-87.62636008704040,Seafood Restaurant,,0,4,3,14,8.5,0,0,0,16,1,0,0,0,0,0,0,0,0,0,0,0,0,0,0,0,0,0,0,0,0,0,0,0,0,0,0,0,0,0,0,0,0,0,3
134,5511bec9498edabc0e151ccf,La Pizza & La Pasta,41.89199677318400,-87.62625066652240,Italian Restaurant,,0,19,4,74,8.1,0,1,0,140,21,0,0,0,1,0,0,0,0,0,0,0,0,0,0,0,0,0,0,1,0,0,0,0,0,0,0,0,0,0,0,0,0,0,4
135,4b39760af964a520dc5c25e3,Shanghai Terrace,41.89615574947820,-87.62421488507230,Chinese Restaurant,,1,44,3,21,8.0,0,1,0,179,105,1,0,0,1,1,1,0,0,0,0,0,0,0,0,0,0,1,1,0,0,1,1,0,0,0,0,0,0,0,0,0,0,0,3
136,4a7b6a36f964a520f0ea1fe3,The Palm Chicago,41.887457700000000,-87.6195718,Seafood Restaurant,,1,22,4,60,8.4,1,1,0,73,20,1,1,1,1,0,0,0,0,0,0,0,0,0,0,0,1,0,1,0,0,1,1,0,0,0,0,0,0,0,0,0,0,0,4
137,4af42ee0f964a52073f021e3,Pierrot Gourmet,41.895872384137700,-87.62540618747770,Café,,1,95,3,90,8.3,0,0,0,496,237,1,0,0,1,1,1,0,0,0,0,0,0,0,1,0,1,1,0,0,1,0,1,0,0,0,0,0,0,0,0,0,0,0,3
138,4babf4b2f964a52003d93ae3,Benny’s Chop House,41.890762234956900,-87.62671545963310,Steakhouse,,0,65,3,112,8.1,0,1,0,202,79,1,0,0,1,1,0,0,0,1,0,0,1,0,0,0,0,0,1,0,1,1,0,0,0,1,0,0,0,0,0,0,0,0,3
139,5c00b7ad56c89f002c9b038f,ALTHEA,41.8953342,-87.6247305,Vegetarian / Vegan Restaurant,,0,3,3,5,7.0,1,1,0,25,13,0,1,0,1,0,0,0,0,0,0,0,0,0,0,0,1,1,0,0,0,0,1,0,0,0,0,0,0,0,0,0,0,0,3
140,4c3b78ec16cb2d7fa1ed02a9,Arami,41.89598690063140,-87.67336150539120,Sushi Restaurant,,1,59,4,113,8.4,1,1,0,176,242,1,0,0,1,0,0,1,0,0,0,0,0,0,0,0,0,0,0,0,1,1,1,0,0,0,0,0,0,0,0,0,0,0,4
141,4a29af59f964a520c2951fe3,Schwa,41.908928913546400,-87.66759417854230,New American Restaurant,,0,37,4,68,8.8,0,1,0,85,290,0,0,0,1,0,0,1,0,0,0,0,0,0,0,0,0,0,1,0,1,0,1,0,0,0,0,0,0,0,0,1,0,0,4
142,57804fae498eb7aac7c28cba,The Angry Crab,41.90531138734470,-87.66995429992680,Seafood Restaurant,,0,11,3,40,7.6,1,0,0,37,36,0,0,1,0,0,0,0,0,0,0,0,0,0,0,0,0,0,0,0,0,1,0,0,0,0,0,0,0,0,0,0,0,0,3
143,5c87e6933abcaf002d3b31b7,Machine: Engineered Dining & Drink,41.903460000000000,-87.67411,New American Restaurant,,0,7,3,25,6.8,1,0,0,45,41,0,0,1,1,0,0,0,0,0,0,0,0,0,0,0,1,1,1,0,0,0,0,0,0,0,0,0,0,0,0,0,0,0,3
144,5d4ccc5878bb0e0007adb559,Spicy Fingers,41.896117,-87.666723,Seafood Restaurant,,0,1,3,0,,0,0,0,12,2,0,0,0,0,0,0,0,0,0,0,0,0,0,0,0,0,0,0,0,0,0,0,0,0,0,0,0,0,0,0,0,0,0,3
145,5f417edc4af8554dc900565f,Azul Mariscos,41.903220000000000,-87.65766000000000,Seafood Restaurant,,1,0,4,0,,0,1,0,10,11,0,0,0,0,0,0,0,0,0,0,0,0,0,0,0,1,1,1,0,0,0,0,0,0,0,0,0,0,0,0,0,0,0,4
146,4a986f7bf964a520002c20e3,May Street Market,41.891189835921100,-87.6559719627071,New American Restaurant,,0,5,3,0,,0,0,0,0,2,0,0,0,0,0,0,0,0,0,0,0,0,0,0,0,0,0,0,0,0,0,0,0,0,0,0,0,0,0,0,0,0,0,3
147,5529cd75498effc390781414,Boeufhaus,41.89988018414500,-87.68708615851670,Steakhouse,,0,19,4,74,8.5,0,1,0,62,173,0,0,0,1,0,0,1,0,0,0,0,0,0,0,0,0,1,0,1,0,1,1,0,0,0,0,0,0,0,0,0,0,0,4
148,4fd4f7e6e4b034e1fabcdfdb,Kai Zan,41.89559321879890,-87.69153250592700,Japanese Restaurant,,0,57,4,54,9.1,0,1,0,221,395,1,0,0,1,0,0,1,0,0,0,0,0,0,0,0,0,0,1,0,0,0,1,0,0,0,0,0,0,0,0,1,0,0,4
149,4fac7e4ce4b08541e8f0a1f0,Nando Milano Trattoria,41.90316690014220,-87.68040322287220,Italian Restaurant,,0,16,3,41,8.3,0,1,0,49,28,1,0,0,1,1,0,0,0,0,0,0,0,0,0,0,0,0,1,0,1,1,1,0,0,0,0,0,0,0,0,0,0,0,3
150,584f06a1f22995086629aab9,Split Rail,41.89581397273390,-87.68940792765850,New American Restaurant,,0,8,3,34,7.9,1,0,0,27,54,0,1,1,1,0,0,0,0,0,0,0,0,0,0,0,0,0,0,0,0,0,0,0,0,0,0,0,0,0,0,0,0,0,3
151,557371d7498ef4e26de82da4,Wixter Market,41.903423,-87.680239,Seafood Restaurant,,0,3,3,9,7.4,0,0,0,2,5,0,0,0,1,0,0,0,0,0,0,0,0,0,0,0,0,0,0,0,0,0,0,0,0,0,0,0,0,0,0,0,0,0,3
152,4a345e4cf964a520249c1fe3,Taxim,41.90982313806520,-87.67665815797090,Greek Restaurant,,0,47,3,93,8.9,1,1,0,66,206,0,0,0,1,1,0,0,0,0,0,0,0,0,0,0,0,0,1,0,1,1,0,0,0,0,0,0,0,0,0,0,0,0,3
153,4c783985dbaa76b0fa28144b,Naveen's Cuisine,41.91032269004410,-87.68597624934490,Indian Restaurant,,0,3,3,5,7.7,0,1,0,9,5,1,0,0,1,1,0,1,0,0,0,0,0,0,0,0,0,0,0,0,0,0,0,0,0,0,0,0,0,0,0,0,0,0,3
154,51833130498e228aa88c0e95,Gari Sushi,41.89587417721710,-87.67786822217830,Japanese Restaurant,,0,8,3,9,7.1,0,1,0,13,6,0,0,0,1,0,0,0,0,0,0,0,0,0,0,0,0,0,0,0,0,0,0,0,0,0,0,0,0,0,0,1,0,0,3
155,5b6500106f0aa2002cefb486,Bulerias,41.910124000000000,-87.68999700000000,Tapas Restaurant,,0,0,3,1,,0,0,0,1,1,0,0,0,0,0,0,0,0,0,0,0,0,0,0,0,0,0,0,0,0,0,0,0,0,0,0,0,0,0,0,0,0,0,3
156,56199b9f498e26fd033cbe10,3 Arts Club Cafe,41.9060234,-87.6304882,Café,20.0,0,71,3,89,9.3,0,1,0,621,711,0,0,0,1,1,1,0,0,0,0,0,0,0,0,0,1,1,1,0,1,0,0,0,0,0,0,0,0,0,0,0,0,0,3
157,561af710498ef927dbf9b658,Maple & Ash,41.901930934901700,-87.62847587223590,Steakhouse,8.0,0,50,4,197,9.0,1,1,0,219,282,1,0,1,1,1,1,0,0,0,0,0,0,0,0,0,1,1,1,0,1,1,1,0,0,0,0,0,0,0,0,0,0,0,4
158,4ac7e2f3f964a52056ba20e3,Gibsons Bar & Steakhouse,41.90152663391050,-87.627982756917,Steakhouse,10.0,1,265,4,678,9.0,1,1,0,898,614,1,0,1,1,1,0,0,0,0,0,0,0,0,0,1,1,1,1,1,1,1,1,0,0,1,0,0,0,0,0,0,0,0,4
159,529d1c92498e1b216c0769f5,Nico Osteria,41.90152987412380,-87.6278143402215,Italian Restaurant,,0,85,4,274,8.8,0,1,0,350,348,0,0,0,1,0,1,0,0,0,0,0,0,0,0,1,1,1,1,0,1,1,0,0,0,0,0,0,0,0,0,0,0,0,4
160,4a736375f964a52054dc1fe3,Hugo's Frog Bar & Fish House,41.90128843548070,-87.62786048149530,Seafood Restaurant,,1,87,3,108,8.8,0,1,0,392,142,1,0,1,1,1,0,0,0,0,0,0,0,0,0,1,1,1,1,1,1,1,1,0,0,1,0,0,0,0,0,0,0,0,3
161,4ad1278bf964a5201add20e3,Mario's Table,41.90560285037880,-87.62995451729570,Italian Restaurant,,1,36,3,11,7.8,0,1,0,29,14,1,0,1,1,0,0,0,0,1,0,0,0,0,0,0,0,0,0,0,1,0,1,1,1,0,0,0,0,0,0,0,0,0,3
162,4176fc00f964a520b51d1fe3,Tavern on Rush,41.90168390355890,-87.62799954926980,American Restaurant,,1,110,3,342,8.4,1,1,0,593,151,1,0,0,1,1,0,0,0,0,0,0,0,0,0,0,1,1,1,1,1,1,1,0,0,0,0,0,0,0,0,0,0,0,3
163,53ad9499498ed1411b89d336,Fig & Olive,41.9009083,-87.6256192,Mediterranean Restaurant,,1,59,4,223,8.6,1,1,0,198,145,1,0,1,1,1,0,0,0,0,1,0,0,0,0,0,0,0,0,0,1,1,1,0,0,0,0,0,0,0,0,0,0,0,4
164,4a444bd6f964a5206ea71fe3,Carmine's,41.90185266486100,-87.62823877711400,Italian Restaurant,,1,73,3,187,8.3,1,1,0,286,90,1,0,0,1,1,1,0,0,0,0,0,0,0,0,0,1,1,1,1,1,1,1,0,0,1,0,0,0,0,0,0,0,0,3
165,40b28c80f964a520e4fb1ee3,Le Colonial,41.90021847164990,-87.6272806404633,Vietnamese Restaurant,,0,85,3,287,9.1,1,1,0,365,396,0,0,0,1,0,0,0,0,0,0,0,0,0,0,0,1,1,1,0,1,0,1,0,0,0,0,0,0,0,0,0,0,0,3
166,4f19c4ac10812312e5316d39,Allium Restaurant and Bar at Four Seasons Hotel Chicago,41.8995792175935,-87.62405050103460,New American Restaurant,,1,51,3,64,8.4,0,0,0,189,104,1,0,1,1,0,0,0,0,0,0,0,0,0,0,0,1,1,1,0,0,0,0,0,0,0,0,0,0,0,0,0,0,0,3
167,59516ef0e2ead15bbf4969ec,Margeaux Brasserie,41.8997019,-87.627504,French Restaurant,,0,13,3,22,8.3,0,0,0,35,58,1,1,1,1,0,0,0,0,0,0,0,0,1,0,0,1,1,1,0,0,0,0,0,0,0,0,0,0,0,0,0,0,0,3
168,4e50440445ddff0031cce4d3,The Signature Room at the 95th,41.89876944554080,-87.62295214660700,American Restaurant,,0,157,3,504,8.4,0,1,0,2255,526,1,0,1,1,0,1,0,0,0,0,0,0,0,0,0,1,0,1,1,1,1,1,0,0,0,0,0,0,0,0,0,0,0,3
169,4ac4062bf964a520e89d20e3,Rosebud Steakhouse,41.90002026800030,-87.62225365349150,Steakhouse,,1,29,3,49,8.0,1,1,0,94,38,1,0,0,1,0,1,0,0,0,0,0,0,0,0,0,0,0,1,0,1,1,1,0,0,0,0,0,0,0,0,0,0,0,3
170,4ec316c49a524f6c471eaa9a,Francesca's on Chestnut,41.89841184265750,-87.62213776268720,Italian Restaurant,,1,23,3,70,8.4,0,1,0,81,19,1,0,0,1,0,0,0,0,0,0,0,0,0,0,1,1,1,1,0,0,1,1,0,0,1,0,0,0,0,0,0,0,0,3
171,4b5a0b6df964a520b8a928e3,Kamehachi,41.91007055076770,-87.63451900049680,Sushi Restaurant,,1,76,3,104,7.9,1,1,0,203,60,1,0,0,1,1,0,0,0,0,0,0,0,0,0,0,0,1,1,0,0,0,1,0,0,0,0,0,0,0,0,0,0,0,3
172,5a10e6f0e2d4aa6ddd4f5de5,Truluck's,41.89843593121190,-87.62688318606740,Seafood Restaurant,,0,12,3,16,8.0,0,0,0,17,10,0,0,0,0,0,0,0,0,0,1,0,1,0,0,0,1,0,1,1,1,1,1,0,0,1,0,1,0,0,1,0,0,0,3
173,597ce4e0dd84420c834bb970,Torali - Italian Steak,41.89845436210820,-87.6224268612446,Italian Restaurant,,1,3,4,9,7.6,0,1,0,18,8,1,0,1,1,0,0,0,1,0,1,0,1,0,0,0,0,0,0,0,0,0,0,0,0,0,1,0,0,0,1,0,0,0,4
174,4686299bf964a5203a481fe3,Alinea,41.913469692892200,-87.64833761636890,Molecular Gastronomy Restaurant,,0,141,4,358,9.1,1,1,0,764,1613,1,0,0,1,0,0,1,0,0,0,0,0,0,0,0,0,0,1,0,1,1,1,0,0,0,0,0,0,0,0,0,0,0,4
175,4a598740f964a5206fb91fe3,Boka,41.91362907985270,-87.64819628300770,New American Restaurant,,1,98,3,220,9.1,0,1,0,278,555,1,0,0,1,1,0,0,0,0,0,0,0,0,0,0,0,0,1,0,1,1,1,0,0,0,0,0,0,0,0,0,0,0,3
176,56180447498e0a396cf8ec93,Earls Kitchen + Bar,41.90895492539330,-87.64739181364630,New American Restaurant,,0,14,3,62,8.2,1,1,0,65,26,1,0,0,1,1,1,0,0,0,0,0,0,0,0,1,1,1,1,0,0,1,1,0,0,0,0,0,0,0,0,0,0,0,3
177,4b09de84f964a520f31e23e3,Geja's Cafe,41.91835513979680,-87.63824471705650,Fondue Restaurant,,1,58,3,151,8.6,1,1,0,176,158,1,0,0,1,0,0,0,0,0,0,0,0,0,0,0,0,0,1,0,1,1,1,0,0,0,0,0,0,0,0,0,0,0,3
178,54cd1810498e27d620985fe6,The Blanchard,41.91769054526870,-87.63650033470410,French Restaurant,,0,4,3,29,8.4,0,1,0,16,33,0,0,1,1,1,0,0,0,0,0,0,0,0,0,0,0,0,0,0,0,1,1,0,0,0,0,0,0,0,0,0,0,0,3
179,52695b4e11d28591d6794c24,Summer House Santa Monica,41.91761284190770,-87.64856178240510,American Restaurant,12.0,0,135,3,532,8.8,1,1,0,490,426,1,0,1,1,1,1,0,0,1,0,1,0,1,1,1,1,1,1,1,1,1,1,1,0,0,0,1,0,0,1,0,0,0,3
180,52914387498e470999432c33,Stella Barra Pizzeria,41.91771862645700,-87.64855359662700,Pizza Place,,0,40,3,144,8.2,1,0,0,141,115,1,0,1,1,1,1,0,0,0,0,0,0,0,0,0,0,0,1,1,1,1,1,0,0,0,0,0,0,0,0,0,0,0,3
181,4b5f9e9ef964a520ffc429e3,Riccardo Trattoria,41.9206154912861,-87.63742793707910,Italian Restaurant,,1,26,3,58,8.6,1,1,0,29,117,0,0,0,1,1,0,0,0,0,0,0,0,0,0,0,0,0,1,0,1,1,1,0,0,0,0,0,0,0,0,0,0,0,3
182,4b49280bf964a520216826e3,Trattoria Gianni,41.91323336263130,-87.64833250942030,Italian Restaurant,,1,12,3,22,7.0,1,1,0,35,8,1,0,1,1,1,0,0,0,0,0,0,0,0,0,0,0,0,1,0,0,0,0,0,0,0,0,0,0,0,0,0,0,0,3
183,50a43e59e4b0cbb1fa8d5e32,Riccardo Enoteca,41.92065398653190,-87.63748454753640,Italian Restaurant,,0,8,3,18,6.9,1,1,0,24,21,0,0,0,1,0,0,0,0,0,0,0,0,0,0,0,0,0,1,0,0,0,0,0,0,0,0,0,0,0,0,0,0,0,3
184,592e1b63fc9e94787f6909d9,Lady Gregory's,41.90988174903670,-87.63447974199150,New American Restaurant,,0,11,3,11,6.4,0,1,0,32,7,1,1,1,1,1,0,1,0,1,1,1,0,0,0,0,0,0,0,1,1,1,1,0,0,0,0,0,0,0,0,0,0,0,3
185,51d9e996498e240a72ed0260,Pourhouse,41.90821814324680,-87.6343924349712,Gastropub,,0,2,3,7,6.3,0,0,0,10,1,0,0,0,0,1,0,1,0,0,0,0,0,0,0,0,0,0,0,1,0,0,0,0,0,0,0,0,0,0,0,0,0,0,3
186,55f74eb2498e93c8d3b5a92c,Mariano's Oyster Bar,41.908013383254800,-87.64588911726640,Seafood Restaurant,,0,0,3,0,,0,0,0,2,1,0,0,0,0,0,0,0,0,0,0,0,0,0,0,0,0,0,0,0,0,0,0,0,0,0,0,0,0,0,0,0,0,0,3
187,5bff48b93092be00397d138f,Crab Cellar,41.91777800000000,-87.648838,Seafood Restaurant,,0,1,3,2,,0,1,0,8,11,0,1,1,1,0,0,1,0,0,0,0,0,0,0,0,0,0,1,1,1,0,1,0,0,0,0,0,0,0,0,0,0,0,3
188,5ef36595e2561200077c5a9b,Surf’s Up,41.903456,-87.634238,Seafood Restaurant,,0,2,3,1,,1,0,0,4,0,0,0,0,0,0,0,0,0,0,0,0,0,0,0,0,0,0,0,0,0,0,0,0,0,0,0,0,0,0,0,0,0,0,3
189,5b4804edc0af57002c6bf071,etta,41.91058992227350,-87.67438869653340,New American Restaurant,17.0,0,12,3,71,8.9,1,0,0,81,128,0,0,0,1,0,0,0,0,0,0,0,0,0,0,0,1,1,1,0,0,0,0,0,0,0,0,0,0,0,0,0,0,0,3
190,46b0836bf964a5208c491fe3,Las Palmas,41.91021766402190,-87.6738663663298,Mexican Restaurant,,1,25,3,100,8.9,1,1,0,105,84,1,0,1,1,1,0,1,0,0,0,0,0,0,0,0,0,1,1,1,1,1,1,0,0,1,0,0,0,0,0,0,0,0,3
191,4b2e8c64f964a5203ce224e3,Lucia's Gourmet Italian Cuisine,41.9104253525459,-87.67380797312640,Italian Restaurant,,0,26,3,23,7.6,0,1,0,35,17,0,0,0,1,1,0,1,0,0,0,0,0,0,0,0,1,1,1,0,0,0,0,0,0,0,0,0,0,0,0,1,0,0,3
192,4b162e82f964a52063b723e3,Rios D'Sudamerica,41.91776184558980,-87.67826822806550,South American Restaurant,,0,20,3,14,6.8,0,1,0,27,11,1,0,1,1,0,0,0,0,0,0,0,0,0,0,0,0,1,1,0,0,1,1,0,0,0,0,0,0,0,0,0,0,0,3
193,4ca91a53a6e08cfa322c9694,Whale Fish Shrimp & Chicken,41.895732,-87.71651,Seafood Restaurant,,0,2,3,2,,1,1,0,3,0,0,0,0,0,0,0,0,0,0,0,0,0,0,0,0,0,0,0,0,0,0,0,0,0,0,0,0,0,0,0,0,0,0,3
194,4f328e9c19836c91c7e36d9d,Andy's Deli and Mikolajczyk Sausage Shop,41.887484,-87.72685600000000,Deli / Bodega,,0,0,4,1,,1,1,0,0,0,0,0,0,1,0,0,0,0,0,0,0,0,0,0,0,0,0,0,0,0,0,0,0,0,0,0,0,0,0,0,0,0,0,4
195,4c6b0b116d390f4708ed099a,The Florentine,41.8791704,-87.633032,Italian Restaurant,,1,51,3,62,7.9,1,1,0,53,47,1,0,1,1,0,0,0,0,0,0,0,0,0,0,1,1,1,1,1,1,0,1,0,0,0,0,0,0,0,0,0,0,0,3
196,5755b556498ea375c5d4baac,The Dearborn,41.88441496734610,-87.62955366674910,Gastropub,3.0,0,47,3,181,9.0,1,1,0,252,171,1,0,1,1,0,0,0,0,0,0,0,0,0,0,0,1,1,1,0,0,1,1,0,0,0,0,0,0,0,0,0,0,0,3
197,4ad91beff964a5202e1821e3,Shaw's Crab House,41.889958848172300,-87.62706513392380,Seafood Restaurant,4.0,1,209,3,693,9.3,1,1,0,905,527,0,0,0,1,0,0,0,0,0,0,0,0,0,0,1,1,1,1,1,1,1,1,0,0,1,0,0,0,0,0,0,0,0,3
198,59deb72f061b514b32a062af,Gibson Italia,41.88660610748310,-87.63959338580260,Italian Restaurant,5.0,0,19,4,74,9.0,0,1,0,117,76,0,0,0,0,0,0,0,0,0,0,0,0,0,0,0,1,1,1,0,1,0,0,0,0,0,0,0,0,0,0,0,0,0,4
199,49ebe487f964a52043671fe3,Mon Ami Gabi,41.92392662057390,-87.63661534297940,French Restaurant,9.0,0,56,3,164,9.3,1,1,0,134,223,1,0,1,1,1,1,0,0,0,0,0,0,0,0,0,0,1,1,0,1,1,1,0,0,0,0,0,0,0,0,0,0,0,3